EmployeeID;mean_time
1;6,8702
2;7,316
3;6,8161
4;6,7892
5;7,8776
6;10,2758
7;6,4509
8;6,5636
9;6,6843
10;6,6536
11;8,1335
12;6,8418
13;8,5543
14;8,8714
15;5,894
16;6,382
17;6,0342
18;10,8816
19;6,4851
20;8,6217
21;7,0725
22;5,6225
23;7,8285
24;6,6156
25;6,5804
26;9,0612
27;10,5363
28;7,2074
29;10,7131
30;6,31
31;9,6628
32;6,521
33;9,8846
34;6,0339
35;6,3483
36;9,5709
37;9,7021
38;5,5233
39;6,1773
40;7,3813
41;7,0601
42;7,1678
43;6,7572
44;6,7555
45;7,057
46;6,9136
47;7,2074
48;7,4553
49;6,3585
50;6,324
51;10,5892
52;8,6859
53;6,5571
54;6,9341
55;8,4379
56;6,4579
57;10,8096
58;7,0074
59;9,7091
60;7,588
61;10,4581
62;10,0746
63;9,3414
64;6,4478
65;7,1366
66;10,6411
67;5,7626
68;6,0253
69;5,5638
70;9,8516
71;7,2128
72;6,3373
73;5,9453
74;8,6435
75;5,6815
76;6,8985
77;6,9005
78;9,1974
79;9,6783
80;6,6296
81;7,071
82;5,9576
83;5,6878
84;8,7306
85;9,9656
86;8,2191
87;7,4036
88;6,7629
89;9,2995
90;7,4583
91;5,9814
92;5,9009
93;8,0868
94;7,1641
95;6,8473
96;10,7115
97;10,2343
98;5,8499
99;5,8676
100;7,9703
101;6,8074
102;6,7912
103;5,972
104;7,6062
105;7,345
106;9,7494
107;7,4155
108;5,5889
109;7,1003
110;6,3646
111;8,736
112;10,6759
113;5,5378
114;7,6635
115;7,3148
116;5,8166
117;6,6345
118;7,5424
119;6,9768
120;5,6409
121;8,6007
122;8,2308
123;9,2306
124;6,4017
125;6,7464
126;5,8318
127;6,0338
128;7,8956
129;6,2189
130;6,173
131;7,0619
132;9,7608
133;6,9987
134;7,1642
135;5,4689
136;6,4463
137;5,7133
138;6,9967
139;8,4867
140;10,152
141;10,005
142;6,5783
143;8,8645
144;7,1224
145;7,4641
146;6,4113
147;5,8694
148;6,1344
149;7,9976
150;6,4606
151;6,8916
152;6,384
153;6,7637
154;5,7435
155;7,2435
156;6,3038
157;10,093
158;5,6562
159;8,1778
160;5,5434
161;5,7267
162;7,4293
163;6,974
164;6,3307
165;7,4298
166;6,449
167;5,8358
168;7,0051
169;6,0592
170;6,6962
171;7,2132
172;6,6138
173;6,0934
174;7,4054
175;7,129
176;8,6266
177;6,0452
178;7,9669
179;6,8253
180;6,2666
181;8,6265
182;6,0327
183;10,4657
184;7,4029
185;7,0841
186;6,0327
187;6,2895
188;6,9456
189;5,7196
190;5,6282
191;7,1544
192;6,8635
193;8,4795
194;10,2434
195;6,7258
196;9,0059
197;6,7695
198;7,1648
199;6,3074
200;8,9337
201;6,6045
202;8,5835
203;5,5329
204;5,7925
205;6,0974
206;8,1891
207;7,1227
208;5,6736
209;7,3968
210;7,2655
211;8,8934
212;5,8007
213;5,8613
214;5,7783
215;6,5666
216;10,4353
217;8,3337
218;7,1759
219;6,3578
220;6,6528
221;6,7547
222;10,695
223;6,4357
224;8,2627
225;6,415
226;7,6062
227;5,9304
228;7,5711
229;8,6688
230;6,8906
231;7,0696
232;8,546
233;6,6112
234;8,9065
235;6,6784
236;6,1389
237;7,8621
238;6,2227
239;6,6812
240;8,062
241;5,5039
242;6,8727
243;9,1136
244;6,9575
245;6,7138
246;7,1397
247;6,9353
248;9,7631
249;5,9404
250;6,4004
251;6,3351
252;7,3036
253;5,8679
254;10,1872
255;6,4688
256;8,2479
257;10,2773
258;6,2445
259;6,6628
260;7,434
261;6,6076
262;7,1785
263;6,5568
264;8,3509
265;6,9941
266;9,0094
267;6,3551
268;7,2713
269;6,2812
270;7,4233
271;8,1061
272;6,7048
273;6,0399
274;7,3272
275;6,2318
276;8,3738
277;6,2405
278;7,0293
279;6,2902
280;6,9915
281;5,7718
282;6,7341
283;7,448
284;5,7542
285;9,0256
286;5,9119
287;7,6383
288;7,0378
289;6,2523
290;9,6036
291;6,7272
292;6,2534
293;7,2393
294;6,0936
295;6,6775
296;8,2682
297;7,35
298;6,5145
299;5,7222
300;6,5852
301;7,1157
302;10,3774
303;5,9189
304;5,5373
305;9,6061
306;7,1539
307;5,6428
308;7,4337
309;9,325
310;7,627
311;7,6582
312;6,898
313;7,0101
314;6,598
315;6,0661
316;5,7198
317;5,9535
318;8,731
319;6,5091
320;9,2274
321;10,5066
322;6,4238
323;7,6427
324;6,5642
325;6,2977
326;7,2986
327;7,6028
328;7,5908
329;6,5964
330;5,7809
331;6,0753
332;10,6526
333;6,761
334;7,7623
335;9,0486
336;7,0647
337;7,2295
338;8,2889
339;7,4063
340;9,7572
341;5,7294
342;6,0623
343;7,4152
344;6,4156
345;9,2272
346;6,1409
347;7,3992
348;7,3816
349;6,487
350;5,8327
351;5,8387
352;6,8042
353;9,8619
354;6,6858
355;9,7104
356;6,6986
357;7,388
358;7,1939
359;5,6729
360;6,0643
361;6,133
362;5,8262
363;6,4042
364;9,1585
365;7,3201
366;5,9228
367;10,2242
368;8,1132
369;6,4014
370;7,1296
371;5,9082
372;5,7357
373;6,0397
374;10,6308
375;7,3977
376;7,3777
377;10,1588
378;8,089
379;9,2775
380;7,2523
381;7,4196
382;7,2295
383;6,9842
384;6,4315
385;6,6227
386;9,2288
387;9,7334
388;9,1303
389;5,957
390;6,7341
391;6,9922
392;6,5354
393;7,1287
394;10,4684
395;7,9086
396;6,055
397;6,7721
398;8,8869
399;9,9445
400;6,1414
401;9,3815
402;5,8501
403;10,2896
404;6,3667
405;6,6774
406;7,7514
407;10,0909
408;8,0766
409;9,4874
410;9,6579
411;7,2765
412;10,2379
413;7,3722
414;7,6295
415;6,2981
416;10,0822
417;7,9862
418;5,935
419;9,9219
420;6,5145
421;6,4299
422;6,9412
423;6,2422
424;6,9399
425;6,8837
426;8,3306
427;5,5058
428;7,3983
429;10,0254
430;6,7828
431;10,274
432;5,9126
433;7,7274
434;8,0101
435;7,4498
436;9,3333
437;5,8964
438;5,695
439;6,005
440;7,0076
441;6,0637
442;6,6813
443;6,9054
444;6,3398
445;7,3603
446;7,417
447;6,966
448;6,0133
449;9,0163
450;9,5242
451;6,6145
452;7,826
453;7,3925
454;9,7442
455;7,3648
456;6,7851
457;6,8239
458;8,6933
459;7,3343
460;6,6237
461;8,4587
462;7,748
463;9,9144
464;9,2519
465;7,5503
466;6,6933
467;6,4609
468;8,6844
469;6,1244
470;5,9582
471;6,0966
472;9,2432
473;9,4677
474;8,0476
475;6,9642
476;7,3233
477;6,7143
478;7,7883
479;6,0696
480;6,5897
481;6,7575
482;7,1191
483;6,6274
484;7,3529
485;5,868
486;9,9433
487;6,1935
488;8,1757
489;5,7193
490;7,6747
491;7,1676
492;5,7009
493;10,6791
494;5,9004
495;7,5765
496;10,4287
497;7,1979
498;7,2212
499;6,88
500;6,8942
501;7,8456
502;6,5375
503;7,5616
504;5,7162
505;7,616
506;9,0331
507;7,55
508;7,2552
509;9,0172
510;6,709
511;5,5526
512;7,585
513;6,9505
514;7,2069
515;6,4684
516;6,1569
517;5,5684
518;7,6704
519;8,8923
520;6,0899
521;10,5476
522;8,4719
523;6,9432
524;6,974
525;6,1006
526;7,4988
527;6,7371
528;7,5739
529;7,8147
530;6,2471
531;6,4534
532;5,9912
533;6,0003
534;9,2213
535;7,1691
536;6,5849
537;6,2853
538;10,4124
539;10,506
540;7,3088
541;9,5962
542;6,6454
543;5,9429
544;10,3371
545;7,8475
546;6,5484
547;5,6867
548;5,6049
549;7,7579
550;10,6119
551;5,8412
552;6,5642
553;6,1164
554;6,8853
555;6,9769
556;6,7371
557;5,8395
558;9,9695
559;5,797
560;6,6467
561;6,0491
562;6,8528
563;6,0666
564;6,6249
565;7,4137
566;6,6175
567;7,1154
568;10,7235
569;5,9209
570;10,1269
571;6,5721
572;8,4426
573;7,7654
574;6,6142
575;7,8413
576;6,9386
577;6,546
578;6,6109
579;6,5199
580;6,3099
581;7,4389
582;7,1387
583;6,4409
584;7,2413
585;9,8364
586;7,34
587;7,4422
588;10,1778
589;6,5657
590;7,312
591;7,6978
592;7,299
593;6,0386
594;5,702
595;7,1386
596;6,9927
597;8,621
598;6,6118
599;6,296
600;9,6505
601;5,8517
602;8,4659
603;9,4025
604;5,6803
605;5,7496
606;7,4436
607;6,9222
608;7,0427
609;6,1643
610;6,938
611;6,5317
612;6,9386
613;8,0547
614;5,9827
615;5,462
616;6,0547
617;5,84
618;7,225
619;6,0036
620;5,7415
621;7,2307
622;8,2715
623;6,8572
624;7,8873
625;7,6813
626;5,6907
627;6,7348
628;7,8534
629;8,7777
630;9,3757
631;9,6107
632;8,5866
633;6,0647
634;5,644
635;7,9509
636;6,8135
637;7,5179
638;8,2813
639;6,8918
640;7,1041
641;6,3018
642;6,1635
643;5,9401
644;5,9142
645;7,4069
646;8,6541
647;5,9819
648;6,6119
649;5,72
650;6,5717
651;10,3664
652;10,0908
653;6,8238
654;9,0199
655;8,5484
656;9,1646
657;9,2751
658;7,3507
659;6,5962
660;8,5964
661;10,8538
662;6,1952
663;6,5501
664;9,5828
665;7,3692
666;7,0755
667;10,3558
668;8,8539
669;5,9497
670;10,5231
671;5,6928
672;9,0467
673;6,427
674;9,3228
675;7,9003
676;6,3627
677;7,4382
678;6,204
679;5,83
680;8,2217
681;5,5265
682;6,2045
683;7,5054
684;5,9263
685;6,4798
686;7,3058
687;7,6275
688;9,7362
689;9,4077
690;9,5339
691;10,1975
692;5,8853
693;9,3282
694;7,2909
695;8,5684
696;5,5039
697;9,2935
698;6,0442
699;7,4582
700;7,0421
701;7,0813
702;5,8581
703;7,2394
704;8,9323
705;9,1026
706;6,2728
707;6,6695
708;5,7558
709;7,8262
710;5,5917
711;5,7385
712;7,4101
713;6,8313
714;6,8094
715;7,7319
716;6,5996
717;7,0043
718;8,5
719;9,812
720;6,0151
721;6,1637
722;6,7924
723;7,3473
724;8,8429
725;5,8024
726;7,4035
727;6,3173
728;10,458
729;10,1699
730;6,5406
731;10,2089
732;9,9378
733;7,4984
734;9,6957
735;6,348
736;6,9939
737;8,6668
738;9,2912
739;9,5781
740;9,6765
741;5,69
742;5,7825
743;6,114
744;6,9482
745;7,0996
746;7,3003
747;6,2592
748;6,0182
749;6,7702
750;7,8951
751;5,7252
752;10,4845
753;7,0025
754;8,8355
755;7,0395
756;7,4177
757;6,9108
758;6,9619
759;7,5544
760;7,0165
761;6,0497
762;7,1986
763;7,4139
764;6,8734
765;7,115
766;6,1712
767;6,0973
768;9,1702
769;7,1244
770;5,5628
771;10,2462
772;5,9031
773;6,4618
774;6,3726
775;9,1858
776;6,261
777;9,9107
778;6,0353
779;10,06
780;9,9723
781;6,7188
782;6,9595
783;7,808
784;6,072
785;6,0997
786;6,4935
787;6,5659
788;6,2784
789;6,7847
790;6,9665
791;6,521
792;5,8155
793;6,6551
794;7,1231
795;5,6297
796;7,0019
797;6,5338
798;5,7989
799;6,4067
800;7,6082
801;8,2735
802;6,019
803;7,9742
804;7,0553
805;10,0446
806;6,8608
807;5,93
808;10,09
809;7,7399
810;10,4576
811;7,4365
812;5,9013
813;6,3473
814;5,9888
815;6,9785
816;5,5177
817;7,8478
818;7,126
819;6,41
820;6,3136
821;7,2487
822;6,5242
823;6,7979
824;5,7055
825;7,2452
826;7,0393
827;9,6701
828;5,879
829;9,4625
830;9,7778
831;6,3574
832;7,4277
833;5,9283
834;6,7454
835;5,802
836;7,9059
837;6,1708
838;10,3188
839;8,2628
840;5,9248
841;8,1471
842;6,2768
843;7,2417
844;7,0406
845;8,907
846;7,4809
847;7,5098
848;6,6805
849;6,7838
850;6,6506
851;6,6714
852;6,0832
853;9,0236
854;6,3774
855;7,417
856;6,9366
857;6,6264
858;7,1241
859;5,9883
860;5,6167
861;7,0083
862;6,6403
863;6,7504
864;6,8906
865;7,7181
866;8,5152
867;7,6441
868;6,5036
869;9,048
870;6,4232
871;8,6985
872;5,8524
873;6,2634
874;5,5861
875;6,1266
876;6,4376
877;6,8501
878;6,3871
879;8,0117
880;8,4542
881;9,1981
882;5,9114
883;8,5688
884;6,1406
885;8,7681
886;7,4007
887;6,6856
888;10,7415
889;5,8571
890;7,0027
891;6,0662
892;5,9437
893;7,1756
894;7,1174
895;7,4377
896;8,1953
897;5,8699
898;6,2354
899;7,008
900;5,7193
901;7,673
902;6,2057
903;7,1114
904;8,9724
905;5,751
906;7,368
907;8,8476
908;8,0068
909;6,5119
910;10,1401
911;8,3388
912;6,6233
913;6,2557
914;10,2762
915;6,8846
916;7,3752
917;5,7062
918;6,3385
919;7,4877
920;7,507
921;6,2
922;7,2117
923;5,4816
924;8,2603
925;7,6985
926;6,0313
927;7,0055
928;7,4178
929;7,7742
930;6,9957
931;10,4468
932;5,8456
933;6,0425
934;7,1829
935;9,1501
936;7,5559
937;6,3068
938;6,1049
939;10,607
940;7,456
941;9,0306
942;5,4562
943;7,9786
944;7,8013
945;7,0916
946;7,5406
947;9,4064
948;7,2856
949;7,0747
950;7,6076
951;7,4248
952;5,835
953;7,2241
954;6,3567
955;6,5752
956;9,0724
957;8,1639
958;7,6366
959;7,801
960;6,4417
961;6,5261
962;7,3527
963;5,8319
964;5,9937
965;6,0749
966;6,4594
967;7,5958
968;5,9972
969;6,27
970;6,584
971;7,1645
972;9,3124
973;5,582
974;7,4236
975;6,6983
976;6,692
977;7,2562
978;9,091
979;9,9603
980;6,8169
981;5,6875
982;6,1759
983;10,1165
984;7,4766
985;7,7161
986;7,5049
987;5,924
988;5,6163
989;6,2051
990;7,0288
991;5,7975
992;6,2591
993;8,4867
994;7,4501
995;9,4568
996;6,7633
997;7,6048
998;7,5801
999;7,7521
1000;6,0184
1001;5,7109
1002;6,552
1003;5,5088
1004;8,5123
1005;8,1034
1006;6,2811
1007;7,0869
1008;6,2554
1009;6,0097
1010;7,8463
1011;7,554
1012;5,7217
1013;7,5487
1014;7,0667
1015;6,0465
1016;8,6639
1017;6,7963
1018;6,3962
1019;7,7503
1020;9,8583
1021;9,2014
1022;8,5764
1023;5,5958
1024;7,9009
1025;7,8728
1026;6,8039
1027;6,6195
1028;6,5317
1029;6,0959
1030;6,1208
1031;6,3554
1032;7,646
1033;7,2916
1034;6,0588
1035;5,9497
1036;6,7329
1037;7,3616
1038;10,1161
1039;6,8426
1040;8,0309
1041;7,8398
1042;6,1678
1043;6,8705
1044;6,4452
1045;6,7798
1046;10,1076
1047;6,8789
1048;6,5152
1049;7,0697
1050;6,9762
1051;9,0917
1052;5,876
1053;9,2421
1054;7,2223
1055;5,7671
1056;8,4864
1057;6,7114
1058;10,0595
1059;6,463
1060;9,9191
1061;7,3226
1062;7,0216
1063;6,1781
1064;5,5368
1065;6,9174
1066;7,2003
1067;7,4204
1068;6,3815
1069;9,9099
1070;7,523
1071;6,5136
1072;7,532
1073;6,1247
1074;5,8098
1075;8,072
1076;7,2827
1077;7,3439
1078;6,2847
1079;5,9088
1080;6,4109
1081;7,0441
1082;10,2507
1083;8,8469
1084;7,089
1085;7,5354
1086;6,6913
1087;8,1101
1088;10,2182
1089;6,9069
1090;5,9228
1091;6,6392
1092;8,8908
1093;7,0416
1094;7,058
1095;6,8499
1096;9,615
1097;6,3686
1098;6,6744
1099;5,8985
1100;6,8792
1101;7,7253
1102;8,8425
1103;6,4462
1104;5,5622
1105;7,4411
1106;5,9321
1107;10,0926
1108;6,2871
1109;5,8146
1110;6,6707
1111;8,7484
1112;9,2736
1113;5,5935
1114;7,3204
1115;6,453
1116;10,6778
1117;9,7698
1118;9,6462
1119;7,192
1120;5,9316
1121;8,4923
1122;6,2932
1123;6,4267
1124;6,2105
1125;9,7342
1126;6,902
1127;5,6619
1128;6,4742
1129;6,5808
1130;7,4419
1131;6,4602
1132;6,5877
1133;5,7615
1134;7,0068
1135;8,143
1136;7,701
1137;7,0936
1138;9,6133
1139;10,6344
1140;7,294
1141;7,6451
1142;7,3299
1143;7,3509
1144;7,7263
1145;10,501
1146;5,6
1147;6,0616
1148;5,834
1149;10,3857
1150;6,6551
1151;6,6572
1152;7,5604
1153;5,9376
1154;5,6602
1155;5,5203
1156;9,5391
1157;7,2473
1158;5,7504
1159;7,46
1160;6,6329
1161;6,3266
1162;9,5718
1163;7,235
1164;7,0249
1165;9,8559
1166;5,8604
1167;7,7477
1168;8,8112
1169;6,8462
1170;5,6448
1171;5,7202
1172;7,5029
1173;7,3904
1174;7,4542
1175;9,0843
1176;7,7795
1177;6,668
1178;10,0676
1179;7,8319
1180;6,1797
1181;7,3485
1182;7,6047
1183;7,4346
1184;6,1162
1185;10,816
1186;7,2503
1187;6,3276
1188;7,3615
1189;6,8202
1190;7,0588
1191;6,8355
1192;6,3471
1193;9,9145
1194;6,6841
1195;6,7746
1196;5,8991
1197;5,5885
1198;5,8876
1199;7,8891
1200;7,0634
1201;6,5915
1202;9,5419
1203;5,9129
1204;9,3458
1205;7,0868
1206;6,8976
1207;7,1994
1208;7,4161
1209;5,7311
1210;8,5407
1211;6,062
1212;5,9416
1213;8,0376
1214;6,3627
1215;8,4185
1216;9,0256
1217;6,0704
1218;6,8386
1219;9,3904
1220;6,1841
1221;7,8048
1222;7,612
1223;7,1069
1224;10,1217
1225;5,7556
1226;6,9719
1227;9,8516
1228;7,3914
1229;10,0517
1230;9,4405
1231;7,6296
1232;9,3351
1233;6,7415
1234;5,9552
1235;5,8256
1236;5,5156
1237;7,2815
1238;6,8502
1239;8,8089
1240;6,6985
1241;6,873
1242;7,398
1243;6,3186
1244;8,2586
1245;5,9687
1246;6,0785
1247;9,4823
1248;6,0968
1249;8,7049
1250;6,8874
1251;8,3859
1252;6,2674
1253;5,9402
1254;7,0078
1255;7,5079
1256;6,5676
1257;6,2691
1258;5,4832
1259;7,3489
1260;5,6613
1261;9,1313
1262;6,3824
1263;8,6611
1264;10,1257
1265;8,9716
1266;9,051
1267;9,8717
1268;8,0759
1269;6,0314
1270;8,2242
1271;5,8757
1272;6,9755
1273;7,4573
1274;5,8656
1275;8,957
1276;6,5276
1277;5,8602
1278;7,8859
1279;6,5777
1280;6,5612
1281;5,9053
1282;8,6787
1283;6,2719
1284;7,4192
1285;5,8196
1286;7,2809
1287;6,632
1288;5,9242
1289;5,7053
1290;8,4322
1291;6,4912
1292;9,8163
1293;8,6417
1294;7,364
1295;6,4133
1296;8,0683
1297;7,7837
1298;6,1094
1299;5,8912
1300;6,4605
1301;7,4341
1302;6,0232
1303;6,8397
1304;9,5605
1305;7,65
1306;8,55
1307;7,0761
1308;7,3418
1309;7,3572
1310;5,8225
1311;6,5676
1312;6,5706
1313;10,0658
1314;7,4805
1315;10,5831
1316;7,2557
1317;7,221
1318;6,7776
1319;8,9683
1320;8,2367
1321;7,4541
1322;6,0861
1323;7,1888
1324;7,8554
1325;7,5217
1326;6,2014
1327;5,7108
1328;5,7969
1329;7,5087
1330;7,632
1331;7,1686
1332;8,2136
1333;7,3399
1334;6,5469
1335;8,398
1336;6,4447
1337;7,8585
1338;7,2839
1339;7,0934
1340;8,9878
1341;6,0467
1342;6,9344
1343;7,4339
1344;6,796
1345;8,271
1346;7,4667
1347;7,5989
1348;6,444
1349;6,9301
1350;7,7505
1351;7,3864
1352;9,2727
1353;7,6796
1354;6,8114
1355;10,2904
1356;6,3047
1357;6,297
1358;6,1541
1359;5,8548
1360;7,1132
1361;7,5654
1362;6,2007
1363;6,4133
1364;6,8902
1365;10,1495
1366;6,2726
1367;7,4628
1368;5,7783
1369;7,4823
1370;9,8683
1371;5,6734
1372;6,5012
1373;7,4928
1374;6,0222
1375;6,0605
1376;10,7435
1377;10,359
1378;5,8097
1379;5,7399
1380;6,4374
1381;5,9682
1382;6,4605
1383;8,3497
1384;6,9371
1385;6,9013
1386;6,4262
1387;7,6031
1388;8,1169
1389;6,2991
1390;6,687
1391;6,5325
1392;7,6123
1393;9,8632
1394;6,022
1395;9,9576
1396;6,2631
1397;5,8462
1398;7,4009
1399;5,8823
1400;5,7618
1401;6,1997
1402;6,8887
1403;5,7697
1404;7,135
1405;8,6335
1406;7,6598
1407;5,6598
1408;9,6804
1409;5,6035
1410;5,8623
1411;5,7109
1412;6,972
1413;6,0463
1414;9,4778
1415;9,7937
1416;9,8995
1417;7,899
1418;6,5176
1419;8,22
1420;6,9585
1421;5,5291
1422;5,5044
1423;7,4074
1424;7,6005
1425;5,6504
1426;6,3796
1427;7,875
1428;8,4698
1429;6,5296
1430;7,5039
1431;6,0639
1432;5,9579
1433;7,4655
1434;7,2833
1435;9,7684
1436;6,442
1437;5,8496
1438;5,9596
1439;6,7575
1440;6,0379
1441;5,8261
1442;8,018
1443;7,109
1444;5,9855
1445;6,2341
1446;7,1786
1447;10,098
1448;8,6533
1449;6,8425
1450;8,3392
1451;7,8644
1452;9,8273
1453;6,0397
1454;6,0113
1455;5,9671
1456;7,1915
1457;6,5229
1458;6,9319
1459;6,2135
1460;6,0703
1461;7,1081
1462;7,3347
1463;6,606
1464;6,884
1465;7,0058
1466;8,2471
1467;5,7811
1468;7,511
1469;9,4009
1470;6,443
1471;6,9333
1472;7,1044
1473;6,7631
1474;6,6833
1475;7,3653
1476;10,0826
1477;6,3268
1478;6,394
1479;6,6062
1480;6,6703
1481;7,7574
1482;6,6205
1483;8,997
1484;9,1806
1485;5,6495
1486;6,5427
1487;6,2601
1488;10,4885
1489;6,4798
1490;9,0257
1491;7,3575
1492;5,761
1493;8,0082
1494;6,2708
1495;6,807
1496;8,768
1497;10,484
1498;7,1388
1499;10,2054
1500;6,6291
1501;9,4603
1502;6,5677
1503;10,1927
1504;5,6961
1505;6,2365
1506;10,1779
1507;9,7546
1508;5,7278
1509;6,3508
1510;7,193
1511;6,6952
1512;6,9942
1513;6,3529
1514;6,6832
1515;6,9981
1516;6,7039
1517;7,0847
1518;7,2525
1519;6,4284
1520;6,2935
1521;10,394
1522;8,9605
1523;6,2478
1524;7,0857
1525;8,3268
1526;6,3851
1527;10,5395
1528;7,5388
1529;9,6907
1530;7,6239
1531;10,5416
1532;9,7333
1533;9,8983
1534;6,2026
1535;6,9124
1536;9,8938
1537;5,8542
1538;6,1573
1539;5,7195
1540;9,4442
1541;6,8873
1542;6,448
1543;5,8681
1544;8,6827
1545;5,5294
1546;6,9433
1547;6,9638
1548;9,4278
1549;10,3656
1550;6,5484
1551;7,2184
1552;5,5216
1553;5,7849
1554;8,8674
1555;9,5776
1556;7,8109
1557;7,2779
1558;6,8394
1559;9,5531
1560;7,4709
1561;5,788
1562;6,0154
1563;8,1689
1564;7,5434
1565;6,826
1566;10,2827
1567;9,8997
1568;5,6404
1569;5,9259
1570;7,8741
1571;7,0585
1572;6,6227
1573;6,0591
1574;7,7003
1575;7,6259
1576;10,2006
1577;7,7329
1578;5,9667
1579;7,0562
1580;6,8074
1581;8,6373
1582;9,978
1583;5,7957
1584;7,5354
1585;7,4646
1586;5,6371
1587;6,6871
1588;7,2005
1589;7,2933
1590;5,4793
1591;8,6106
1592;8,0272
1593;9,4513
1594;6,3723
1595;6,4293
1596;5,8057
1597;5,8579
1598;7,7916
1599;6,2052
1600;6,3541
1601;6,9698
1602;9,6826
1603;6,7364
1604;7,0262
1605;5,712
1606;6,7622
1607;5,9523
1608;7,4793
1609;8,2538
1610;10,3771
1611;10,0898
1612;6,5267
1613;8,4366
1614;6,8818
1615;6,9779
1616;6,191
1617;6,0142
1618;6,077
1619;7,6423
1620;6,37
1621;7,1038
1622;6,6873
1623;6,9947
1624;5,8664
1625;7,1126
1626;6,2941
1627;10,4333
1628;6,0077
1629;8,2015
1630;5,725
1631;5,7655
1632;7,377
1633;6,7605
1634;6,4992
1635;7,5592
1636;6,4102
1637;6,0823
1638;6,7709
1639;5,6853
1640;6,5685
1641;7,2353
1642;6,4909
1643;6,0838
1644;7,461
1645;7,3667
1646;9,0723
1647;6,2569
1648;8,2366
1649;6,6792
1650;6,3026
1651;8,4796
1652;6,4505
1653;10,6777
1654;7,6881
1655;6,7098
1656;6,0854
1657;6,3591
1658;7,1604
1659;5,7437
1660;5,5352
1661;6,8493
1662;6,8602
1663;8,5031
1664;10,1686
1665;6,8005
1666;8,9477
1667;6,8972
1668;7,0515
1669;6,168
1670;9,0296
1671;6,634
1672;8,6779
1673;5,6585
1674;6,1343
1675;5,8695
1676;8,5346
1677;7,2153
1678;5,7712
1679;7,035
1680;6,9179
1681;8,8965
1682;5,6717
1683;5,5662
1684;5,5087
1685;6,393
1686;10,5807
1687;8,5018
1688;6,7609
1689;6,596
1690;6,5832
1691;7,2271
1692;10,0594
1693;6,4446
1694;8,3811
1695;6,1068
1696;7,7672
1697;6,0339
1698;7,2864
1699;8,6943
1700;6,8091
1701;7,2048
1702;8,3359
1703;6,3584
1704;8,5905
1705;6,5847
1706;6,5911
1707;7,7411
1708;6,2966
1709;6,677
1710;8,2726
1711;5,7387
1712;6,7993
1713;9,2432
1714;6,72
1715;6,8487
1716;6,7786
1717;7,3404
1718;9,2818
1719;5,7309
1720;6,2001
1721;6,3225
1722;7,2252
1723;5,9611
1724;10,3185
1725;6,4379
1726;8,3338
1727;9,9204
1728;6,5054
1729;6,844
1730;7,5219
1731;6,6432
1732;7,4632
1733;6,8328
1734;8,4363
1735;7,2612
1736;8,5385
1737;6,5093
1738;7,2925
1739;6,5514
1740;7,6706
1741;7,6141
1742;6,6491
1743;6,1646
1744;7,7661
1745;6,1942
1746;8,1932
1747;6,3748
1748;7,5208
1749;6,0994
1750;7,0848
1751;5,9858
1752;6,7525
1753;7,8407
1754;5,6713
1755;9,0508
1756;5,8526
1757;7,6658
1758;7,4005
1759;5,8094
1760;9,7575
1761;6,6327
1762;5,9576
1763;7,6492
1764;6,0075
1765;6,8104
1766;8,6919
1767;7,3116
1768;6,9815
1769;5,8431
1770;6,7077
1771;7,683
1772;10,6999
1773;5,7494
1774;5,4657
1775;9,7878
1776;7,438
1777;5,5608
1778;7,8686
1779;9,4469
1780;7,2713
1781;7,4366
1782;7,129
1783;6,722
1784;6,4643
1785;5,9519
1786;5,8243
1787;5,7546
1788;8,2175
1789;6,6137
1790;8,813
1791;10,6915
1792;6,5004
1793;7,4576
1794;6,6435
1795;6,0388
1796;7,2909
1797;7,2559
1798;7,8685
1799;6,3157
1800;5,7426
1801;6,1594
1802;10,5456
1803;6,4323
1804;7,4107
1805;8,9304
1806;7,4699
1807;7,1632
1808;8,5754
1809;7,5728
1810;9,8656
1811;5,8196
1812;6,1138
1813;7,8324
1814;6,6286
1815;9,2509
1816;6,178
1817;7,167
1818;7,0442
1819;6,3819
1820;5,8313
1821;6,2616
1822;6,9052
1823;10,3563
1824;6,4598
1825;9,7124
1826;6,6361
1827;7,4333
1828;6,6963
1829;5,8375
1830;5,9163
1831;5,8908
1832;5,5154
1833;6,3417
1834;9,2818
1835;7,2338
1836;5,97
1837;9,906
1838;7,7753
1839;6,4208
1840;7,1982
1841;5,9314
1842;6,1388
1843;5,8749
1844;10,9037
1845;7,8124
1846;7,1165
1847;9,8533
1848;8,1786
1849;9,5342
1850;7,2008
1851;7,3449
1852;7,125
1853;7,1653
1854;6,4906
1855;6,7428
1856;9,1369
1857;9,3267
1858;9,2949
1859;5,8204
1860;6,9195
1861;7,1932
1862;6,4804
1863;7,0891
1864;9,9049
1865;7,9433
1866;5,9766
1867;6,594
1868;9,1238
1869;9,3561
1870;6,2413
1871;9,1463
1872;5,9646
1873;10,0816
1874;6,3651
1875;6,9298
1876;7,2912
1877;9,5725
1878;8,3445
1879;9,4207
1880;9,7771
1881;7,5264
1882;10,3487
1883;7,0496
1884;7,1642
1885;6,3502
1886;10,2753
1887;7,778
1888;5,6763
1889;10,2686
1890;6,4275
1891;6,2682
1892;6,7718
1893;6,2039
1894;6,7586
1895;6,9006
1896;8,2368
1897;5,6776
1898;7,1896
1899;9,9514
1900;6,5326
1901;10,0501
1902;5,7312
1903;7,8122
1904;7,6651
1905;7,5365
1906;9,4441
1907;5,8074
1908;5,7233
1909;6,0387
1910;7,5161
1911;5,8998
1912;6,8818
1913;7,3426
1914;5,9845
1915;7,7853
1916;7,8471
1917;6,6468
1918;6,1314
1919;8,8102
1920;9,706
1921;6,5732
1922;7,7691
1923;7,3736
1924;10,1747
1925;6,973
1926;6,3804
1927;6,9499
1928;8,7228
1929;7,2564
1930;6,9503
1931;8,5167
1932;7,7259
1933;9,7731
1934;9,2257
1935;7,1416
1936;6,7711
1937;6,2365
1938;9,2189
1939;5,9704
1940;5,7887
1941;6,3087
1942;9,2519
1943;9,896
1944;7,6439
1945;7,3814
1946;7,4295
1947;6,8039
1948;7,5677
1949;6,0052
1950;6,7737
1951;6,9818
1952;7,035
1953;6,4875
1954;7,4937
1955;5,7105
1956;9,9118
1957;6,382
1958;8,3807
1959;5,9091
1960;8,1599
1961;7,2167
1962;5,8003
1963;10,2468
1964;5,9837
1965;7,466
1966;10,081
1967;7,1225
1968;7,0466
1969;6,7939
1970;6,6379
1971;7,9067
1972;6,5441
1973;7,2071
1974;5,5941
1975;7,9661
1976;9,083
1977;7,6155
1978;7,2985
1979;9,4802
1980;6,7506
1981;5,516
1982;7,3338
1983;7,1485
1984;7,0483
1985;6,5743
1986;6,1903
1987;5,9082
1988;7,504
1989;8,5811
1990;6,2182
1991;10,7065
1992;8,127
1993;7,1832
1994;7,2796
1995;6,0898
1996;7,7667
1997;6,9967
1998;7,4147
1999;7,7347
2000;6,4618
2001;6,3835
2002;5,6757
2003;6,2265
2004;9,2711
2005;7,5286
2006;6,494
2007;6,4242
2008;10,3795
2009;10,2111
2010;7,2891
2011;10,0521
2012;6,5622
2013;5,9785
2014;9,8757
2015;7,5901
2016;6,9338
2017;5,8251
2018;5,7785
2019;7,3696
2020;10,263
2021;6,137
2022;6,4374
2023;5,8029
2024;6,8451
2025;6,8714
2026;6,6313
2027;5,8637
2028;9,7482
2029;6,0625
2030;6,9243
2031;6,3991
2032;7,1532
2033;6,0192
2034;6,8909
2035;7,7816
2036;6,8339
2037;6,6841
2038;10,4316
2039;6,0507
2040;10,5082
2041;6,4011
2042;8,8532
2043;7,616
2044;6,8322
2045;7,8642
2046;6,8621
2047;6,7517
2048;6,6248
2049;6,6345
2050;6,4356
2051;7,8146
2052;7,1368
2053;6,445
2054;7,2026
2055;9,5228
2056;6,9825
2057;7,3045
2058;9,9447
2059;6,7509
2060;7,1865
2061;7,5688
2062;7,2312
2063;6,3568
2064;6,0795
2065;7,0254
2066;6,9276
2067;8,2646
2068;6,1742
2069;6,466
2070;10,177
2071;5,4169
2072;8,3276
2073;9,2555
2074;5,5467
2075;5,724
2076;7,7146
2077;6,941
2078;6,9765
2079;6,6296
2080;6,7374
2081;6,8763
2082;7,0416
2083;8,3449
2084;6,0714
2085;5,4248
2086;6,1238
2087;5,612
2088;7,4722
2089;6,189
2090;5,9759
2091;7,3862
2092;8,2804
2093;7,01
2094;8,116
2095;7,3618
2096;5,8666
2097;6,8392
2098;7,4556
2099;8,8246
2100;8,841
2101;9,5163
2102;8,653
2103;6,011
2104;5,816
2105;8,0312
2106;7,0689
2107;7,1699
2108;8,4215
2109;6,9788
2110;7,2336
2111;6,2633
2112;6,2319
2113;5,8022
2114;5,595
2115;7,7444
2116;8,375
2117;5,7665
2118;6,6848
2119;5,7839
2120;6,4609
2121;10,9373
2122;10,4643
2123;7,0557
2124;8,3933
2125;8,1827
2126;9,7522
2127;8,9682
2128;7,3081
2129;6,4102
2130;8,4797
2131;10,2989
2132;6,4496
2133;6,2124
2134;10,1695
2135;7,1441
2136;6,9607
2137;10,3347
2138;9,2649
2139;5,8948
2140;10,3096
2141;5,5054
2142;9,0184
2143;6,6509
2144;9,0017
2145;7,8852
2146;6,1409
2147;7,6295
2148;6,4087
2149;5,6906
2150;7,9623
2151;5,5357
2152;6,1414
2153;7,147
2154;6,0182
2155;6,2531
2156;7,4899
2157;7,5032
2158;9,9798
2159;9,1282
2160;9,8169
2161;9,6539
2162;5,8801
2163;9,6142
2164;7,6703
2165;8,4021
2166;5,7369
2167;9,5932
2168;6,1502
2169;7,7385
2170;6,8366
2171;7,0311
2172;5,7819
2173;7,2582
2174;9,4318
2175;9,2137
2176;6,2421
2177;7,0593
2178;5,6841
2179;8,0116
2180;5,7979
2181;5,8178
2182;7,0168
2183;6,9264
2184;6,8324
2185;7,7149
2186;6,6325
2187;6,9093
2188;8,4735
2189;10,2135
2190;6,0974
2191;6,2191
2192;6,7446
2193;7,4886
2194;8,8542
2195;6,1454
2196;7,6527
2197;6,522
2198;10,1868
2199;9,6178
2200;6,9335
2201;10,2409
2202;9,8483
2203;7,3096
2204;10,3124
2205;6,2503
2206;6,7746
2207;8,6118
2208;9,1033
2209;10,0664
2210;9,2413
2211;5,866
2212;5,6373
2213;6,2718
2214;6,8083
2215;7,2959
2216;7,8353
2217;6,6347
2218;5,6834
2219;6,9082
2220;8,2671
2221;6,0231
2222;10,0176
2223;7,0734
2224;9,2855
2225;6,9527
2226;7,1008
2227;6,9492
2228;7,4405
2229;7,8736
2230;7,0694
2231;5,7357
2232;7,0794
2233;7,4472
2234;6,644
2235;7,3498
2236;6,0762
2237;5,9089
2238;9,6177
2239;7,0882
2240;5,9846
2241;10,0795
2242;6,033
2243;6,161
2244;6,1745
2245;9,1602
2246;6,6307
2247;10,1288
2248;6,2708
2249;10,1528
2250;10,0567
2251;6,8013
2252;6,9757
2253;7,6645
2254;6,4093
2255;6,1131
2256;6,3198
2257;6,5411
2258;5,9863
2259;6,4451
2260;6,7592
2261;6,7081
2262;5,6846
2263;7,0523
2264;7,2038
2265;5,9249
2266;7,0852
2267;6,3248
2268;5,6869
2269;6,2583
2270;7,1818
2271;7,9792
2272;6,0304
2273;8,2344
2274;7,198
2275;9,676
2276;6,6157
2277;5,6603
2278;10,4431
2279;7,295
2280;10,0973
2281;7,0993
2282;5,7904
2283;6,6402
2284;5,9185
2285;6,5454
2286;5,8663
2287;8,2538
2288;6,8686
2289;6,4408
2290;6,1826
2291;7,6744
2292;6,7276
2293;6,8562
2294;6,0116
2295;7,4022
2296;7,3475
2297;9,9596
2298;5,8292
2299;9,4285
2300;10,1201
2301;6,3876
2302;7,6197
2303;5,8508
2304;6,9714
2305;5,4764
2306;7,6182
2307;5,7897
2308;10,4952
2309;8,1172
2310;5,8916
2311;8,2287
2312;6,0103
2313;7,6783
2314;6,9356
2315;8,5858
2316;7,4623
2317;7,166
2318;6,9261
2319;6,7724
2320;6,7315
2321;6,2435
2322;5,9386
2323;9,0982
2324;6,2832
2325;7,4603
2326;7,2372
2327;6,5523
2328;6,7934
2329;5,8428
2330;5,5481
2331;7,016
2332;6,827
2333;6,8915
2334;6,9407
2335;7,7098
2336;8,8646
2337;7,1419
2338;6,5105
2339;8,9346
2340;6,1215
2341;8,6083
2342;5,8034
2343;5,9818
2344;5,4668
2345;6,2214
2346;6,6309
2347;6,7053
2348;6,0436
2349;8,0267
2350;8,626
2351;8,7546
2352;5,9362
2353;8,4629
2354;6,1346
2355;8,5502
2356;7,66
2357;6,6378
2358;10,8697
2359;5,4822
2360;7,123
2361;5,9643
2362;5,6923
2363;7,0112
2364;7,0433
2365;7,6139
2366;7,71
2367;5,601
2368;6,2577
2369;7,0446
2370;5,7195
2371;7,8627
2372;6,2858
2373;7,1795
2374;9,3692
2375;5,6385
2376;7,3767
2377;8,4603
2378;7,9233
2379;6,8204
2380;10,6166
2381;8,4242
2382;7,06
2383;5,9315
2384;10,3031
2385;7,1709
2386;7,7365
2387;5,6094
2388;6,2129
2389;7,1858
2390;7,3658
2391;6,1149
2392;7,2728
2393;5,6189
2394;8,1261
2395;7,718
2396;6,0293
2397;6,9857
2398;7,0947
2399;7,9543
2400;7,0177
2401;10,3924
2402;5,8272
2403;6,4031
2404;7,2102
2405;9,5813
2406;7,3901
2407;6,2778
2408;6,2085
2409;10,1938
2410;7,4863
2411;9,2408
2412;5,8206
2413;8,1502
2414;7,4745
2415;7,1794
2416;7,5202
2417;9,6071
2418;6,8871
2419;6,857
2420;7,0693
2421;7,6756
2422;5,7691
2423;7,5932
2424;6,0941
2425;6,974
2426;8,6592
2427;8,2361
2428;7,7423
2429;7,4225
2430;6,3408
2431;6,4835
2432;7,274
2433;6,0453
2434;6,02
2435;6,0692
2436;6,2509
2437;7,4966
2438;6,0664
2439;6,506
2440;6,7938
2441;7,0813
2442;9,7453
2443;5,8449
2444;7,0166
2445;6,8482
2446;6,6535
2447;7,005
2448;9,4783
2449;10,3232
2450;6,8596
2451;5,7941
2452;6,3221
2453;9,9701
2454;7,3402
2455;7,3629
2456;7,6708
2457;5,6812
2458;5,7506
2459;6,5507
2460;7,4936
2461;6,1719
2462;6,2626
2463;8,4529
2464;7,8062
2465;9,4627
2466;7,0591
2467;7,4566
2468;8,1543
2469;7,2879
2470;5,6955
2471;5,9271
2472;6,1524
2473;5,5754
2474;8,5701
2475;7,8039
2476;6,2752
2477;6,9852
2478;6,4851
2479;5,8105
2480;7,8935
2481;7,6133
2482;5,6814
2483;7,0542
2484;7,0409
2485;6,0039
2486;8,7119
2487;6,8707
2488;6,2726
2489;7,5378
2490;9,4321
2491;8,9698
2492;8,6537
2493;5,8875
2494;8,3068
2495;7,4465
2496;6,9743
2497;6,465
2498;6,4232
2499;6,3708
2500;6,3088
2501;6,5413
2502;7,1348
2503;7,3181
2504;5,9723
2505;5,7481
2506;6,8651
2507;7,1535
2508;9,9101
2509;6,6861
2510;8,333
2511;7,5739
2512;6,4783
2513;7,1101
2514;6,4664
2515;7,1132
2516;10,0785
2517;6,7337
2518;6,4212
2519;6,8922
2520;7,4285
2521;9,2717
2522;5,821
2523;9,4608
2524;7,0181
2525;5,8706
2526;8,5684
2527;6,5346
2528;10,3388
2529;6,8625
2530;10,0572
2531;7,5073
2532;6,986
2533;6,2358
2534;5,7472
2535;6,8456
2536;7,2518
2537;7,9444
2538;6,1726
2539;10,1336
2540;7,2157
2541;6,4665
2542;7,5796
2543;5,7312
2544;5,5968
2545;7,9085
2546;7,603
2547;7,2772
2548;6,0629
2549;5,6187
2550;6,7686
2551;7,4985
2552;10,2132
2553;8,7723
2554;7,3358
2555;7,5101
2556;6,8767
2557;8,0391
2558;10,2201
2559;6,7998
2560;6,0646
2561;6,2345
2562;9,0072
2563;7,0447
2564;7,0124
2565;6,5949
2566;9,4757
2567;6,6464
2568;6,9371
2569;5,9853
2570;6,8499
2571;7,9834
2572;9,0286
2573;6,2112
2574;5,9479
2575;7,6005
2576;6,0857
2577;10,0853
2578;6,6538
2579;5,7992
2580;7,1657
2581;8,72
2582;9,0156
2583;5,7068
2584;7,3669
2585;6,8489
2586;10,323
2587;9,3253
2588;9,6456
2589;7,3406
2590;6,0562
2591;8,2143
2592;6,013
2593;6,2504
2594;6,1307
2595;9,5468
2596;6,8325
2597;5,5883
2598;6,5169
2599;6,1944
2600;7,2217
2601;6,1791
2602;6,602
2603;5,8869
2604;6,7476
2605;8,4869
2606;7,3423
2607;7,1504
2608;9,767
2609;10,1956
2610;7,2758
2611;7,3499
2612;6,9203
2613;7,6942
2614;7,8409
2615;10,4968
2616;5,9538
2617;6,1716
2618;5,6218
2619;9,6652
2620;6,6851
2621;6,4559
2622;7,2149
2623;6,0064
2624;5,8633
2625;5,8875
2626;9,4088
2627;7,3653
2628;5,8566
2629;7,6341
2630;6,9704
2631;6,3483
2632;9,3468
2633;7,3214
2634;6,7141
2635;10,1411
2636;6,2806
2637;7,5705
2638;8,6566
2639;6,7769
2640;6,0358
2641;5,5437
2642;7,7268
2643;7,4123
2644;7,6695
2645;9,0396
2646;7,4822
2647;6,6479
2648;10,6393
2649;7,6492
2650;5,7317
2651;7,4463
2652;7,2015
2653;7,4793
2654;6,2213
2655;10,178
2656;6,9931
2657;6,4571
2658;7,4046
2659;6,8257
2660;7,4775
2661;6,7702
2662;6,3751
2663;10,1492
2664;6,7751
2665;6,792
2666;6,0699
2667;5,6919
2668;5,8172
2669;8,2465
2670;6,9339
2671;6,3179
2672;9,3624
2673;5,5517
2674;9,0185
2675;7,0132
2676;6,8529
2677;6,8885
2678;7,5427
2679;5,8671
2680;8,9225
2681;6,0294
2682;6,0027
2683;8,1801
2684;6,1328
2685;7,8781
2686;8,8292
2687;6,2075
2688;6,8974
2689;9,5693
2690;6,0113
2691;7,7335
2692;7,1295
2693;7,1064
2694;9,9968
2695;6,081
2696;7,0713
2697;10,2608
2698;7,3676
2699;10,0123
2700;9,7872
2701;7,6592
2702;9,2522
2703;6,5138
2704;5,9526
2705;5,9979
2706;5,5483
2707;7,6612
2708;7,2589
2709;9,2629
2710;6,4698
2711;6,7813
2712;7,6284
2713;6,1755
2714;8,1226
2715;5,9258
2716;6,2028
2717;9,4175
2718;6,369
2719;8,5371
2720;6,7332
2721;8,4341
2722;6,2281
2723;5,9134
2724;7,2847
2725;7,4837
2726;6,2839
2727;6,6492
2728;5,7654
2729;7,3418
2730;5,6192
2731;8,6236
2732;6,6142
2733;8,7485
2734;10,3288
2735;8,9386
2736;8,913
2737;9,8238
2738;8,0909
2739;5,9835
2740;8,656
2741;5,5428
2742;6,9662
2743;7,6235
2744;5,663
2745;9,3761
2746;6,6539
2747;5,7391
2748;7,4982
2749;6,9512
2750;6,4717
2751;5,6919
2752;8,5523
2753;6,4536
2754;7,5784
2755;6,0556
2756;7,0804
2757;6,8169
2758;5,9562
2759;5,5031
2760;8,224
2761;6,0362
2762;9,6304
2763;8,5291
2764;7,3643
2765;6,1249
2766;8,4815
2767;7,2653
2768;5,9993
2769;6,2208
2770;6,4927
2771;7,3672
2772;5,863
2773;7,1259
2774;10,0269
2775;7,5659
2776;8,8485
2777;6,8575
2778;7,2307
2779;7,4053
2780;5,5271
2781;6,9609
2782;6,4665
2783;9,9878
2784;7,339
2785;10,0367
2786;7,4064
2787;7,2644
2788;6,7882
2789;9,5374
2790;8,1558
2791;7,1139
2792;5,8302
2793;7,2646
2794;7,6363
2795;7,5563
2796;6,0588
2797;5,4878
2798;5,7199
2799;7,2581
2800;7,8979
2801;6,9937
2802;8,493
2803;7,5301
2804;6,2496
2805;8,5336
2806;6,3677
2807;7,8567
2808;7,0673
2809;7,2326
2810;9,0324
2811;5,9351
2812;6,7922
2813;7,8617
2814;6,5153
2815;8,083
2816;7,8941
2817;7,4044
2818;6,6831
2819;6,8757
2820;7,5189
2821;7,535
2822;9,225
2823;7,6928
2824;6,9635
2825;9,5886
2826;6,5326
2827;6,0204
2828;6,1655
2829;6,043
2830;6,8723
2831;7,5465
2832;6,1296
2833;6,656
2834;6,944
2835;10,318
2836;6,6515
2837;7,7046
2838;5,8975
2839;6,9441
2840;9,594
2841;5,6966
2842;6,4341
2843;7,4869
2844;5,8038
2845;6,0729
2846;10,2751
2847;10,4429
2848;6,0732
2849;5,7614
2850;6,6103
2851;6,127
2852;6,3464
2853;8,5663
2854;6,9108
2855;7,0411
2856;6,6369
2857;7,8875
2858;8,0653
2859;6,6253
2860;6,937
2861;6,3621
2862;7,5518
2863;10,035
2864;5,7348
2865;9,489
2866;6,2346
2867;5,788
2868;7,2353
2869;5,7451
2870;5,9226
2871;6,5184
2872;7,2043
2873;5,6873
2874;7,4072
2875;8,6019
2876;7,4349
2877;5,9092
2878;9,598
2879;5,6998
2880;6,1353
2881;5,692
2882;6,8448
2883;6,2592
2884;9,4385
2885;10,0073
2886;10,2334
2887;7,7594
2888;6,419
2889;7,8461
2890;6,9634
2891;5,7403
2892;5,7049
2893;7,6419
2894;7,5739
2895;5,6656
2896;6,4197
2897;8,1084
2898;8,6064
2899;6,7233
2900;7,4591
2901;6,4778
2902;6,1156
2903;7,286
2904;7,2069
2905;9,4235
2906;6,4609
2907;5,8281
2908;5,8898
2909;6,457
2910;6,0592
2911;5,6946
2912;8,0972
2913;6,8819
2914;5,9906
2915;6,3198
2916;7,5284
2917;10,0689
2918;8,906
2919;6,8726
2920;8,129
2921;7,7623
2922;9,5694
2923;6,0902
2924;5,8866
2925;5,7982
2926;7,0231
2927;6,469
2928;7,148
2929;6,1356
2930;6,265
2931;7,4718
2932;7,5223
2933;6,6193
2934;6,9036
2935;7,1257
2936;7,8305
2937;5,52
2938;7,4707
2939;9,2668
2940;6,8768
2941;6,8839
2942;7,3316
2943;6,7031
2944;6,7284
2945;7,5628
2946;10,3382
2947;6,5353
2948;6,1589
2949;7,0527
2950;6,8859
2951;8,207
2952;6,7029
2953;8,9367
2954;9,2337
2955;5,5065
2956;6,4052
2957;6,144
2958;10,8693
2959;6,6071
2960;9,1829
2961;7,1831
2962;5,4976
2963;7,6452
2964;6,2121
2965;6,4759
2966;8,6457
2967;10,6937
2968;6,9998
2969;10,3132
2970;6,4273
2971;9,9334
2972;6,297
2973;9,7516
2974;5,9007
2975;6,4077
2976;9,6545
2977;9,5461
2978;5,5246
2979;6,2815
2980;7,4491
2981;6,7845
2982;7,2703
2983;6,6197
2984;6,6377
2985;6,8548
2986;6,9792
2987;7,5086
2988;7,2609
2989;6,6464
2990;6,2486
2991;10,5917
2992;8,5524
2993;6,5803
2994;6,8303
2995;8,3391
2996;6,5458
2997;10,5556
2998;7,1251
2999;9,5103
3000;7,31
3001;10,4749
3002;10,1065
3003;9,7791
3004;6,2516
3005;6,9579
3006;10,3352
3007;5,6049
3008;6,2963
3009;5,6943
3010;9,4551
3011;6,9143
3012;6,2478
3013;5,8347
3014;8,7382
3015;5,9173
3016;6,5637
3017;6,6058
3018;9,6947
3019;9,9998
3020;6,7786
3021;7,3192
3022;5,7565
3023;5,7624
3024;8,557
3025;10,2334
3026;7,9048
3027;7,3411
3028;6,8447
3029;9,2582
3030;7,5003
3031;5,8406
3032;5,9668
3033;8,4229
3034;7,1614
3035;6,7469
3036;10,3813
3037;9,6697
3038;5,764
3039;5,9314
3040;7,6264
3041;6,6587
3042;6,5477
3043;5,7389
3044;7,8195
3045;7,6376
3046;10,0919
3047;7,4115
3048;5,8552
3049;7,2239
3050;6,6693
3051;8,7933
3052;10,7424
3053;5,8346
3054;7,6432
3055;7,5897
3056;5,8357
3057;6,7173
3058;7,515
3059;7,1407
3060;5,9149
3061;8,4983
3062;8,5011
3063;9,9218
3064;6,2465
3065;6,4741
3066;6,0986
3067;6,0383
3068;7,6866
3069;6,0646
3070;6,3349
3071;7,4433
3072;9,6279
3073;7,0111
3074;7,045
3075;5,5095
3076;6,4669
3077;5,5396
3078;7,5482
3079;8,3317
3080;10,0743
3081;10,3848
3082;6,8807
3083;8,8416
3084;6,7833
3085;7,216
3086;6,259
3087;5,8543
3088;6,1787
3089;7,6793
3090;6,6016
3091;7,0367
3092;6,6077
3093;7,1685
3094;5,8812
3095;7,1849
3096;6,1903
3097;10,2939
3098;5,7773
3099;8,0749
3100;5,5961
3101;5,7969
3102;7,6845
3103;6,7199
3104;6,0433
3105;7,5116
3106;6,4684
3107;5,7866
3108;6,6683
3109;5,7831
3110;6,9388
3111;7,5029
3112;6,2904
3113;6,2268
3114;7,3043
3115;6,9881
3116;8,9363
3117;5,9499
3118;8,2159
3119;6,7005
3120;6,2116
3121;8,4679
3122;6,2884
3123;10,3488
3124;7,1416
3125;6,9119
3126;6,0168
3127;6,4451
3128;6,8229
3129;5,933
3130;5,7665
3131;6,8582
3132;6,7813
3133;8,5462
3134;10,0162
3135;6,8326
3136;8,7365
3137;6,8887
3138;6,8178
3139;6,4803
3140;8,6871
3141;6,279
3142;8,5474
3143;5,676
3144;5,7877
3145;6,2081
3146;8,1057
3147;6,952
3148;5,8397
3149;7,5981
3150;7,1149
3151;8,6405
3152;5,7646
3153;5,4877
3154;5,6239
3155;6,6631
3156;10,7241
3157;8,7759
3158;7,1418
3159;6,2233
3160;6,4806
3161;6,8689
3162;10,2715
3163;6,7171
3164;8,758
3165;6,3396
3166;7,4184
3167;6,0101
3168;7,6058
3169;8,7487
3170;6,8586
3171;6,8499
3172;8,2671
3173;6,5953
3174;8,66
3175;6,6754
3176;6,5006
3177;8,0387
3178;6,0156
3179;6,9061
3180;8,4667
3181;5,5132
3182;7,01
3183;9,1816
3184;6,9664
3185;6,9105
3186;7,2354
3187;7,0229
3188;9,2687
3189;5,8281
3190;6,5853
3191;6,2493
3192;6,8199
3193;5,9144
3194;10,2664
3195;6,8155
3196;8,4143
3197;9,6246
3198;6,1832
3199;6,5098
3200;7,2785
3201;6,3462
3202;7,3064
3203;6,5374
3204;8,4272
3205;7,2269
3206;8,6346
3207;6,2643
3208;6,8805
3209;6,3526
3210;7,3425
3211;7,8252
3212;6,589
3213;6,0489
3214;7,209
3215;6,5622
3216;8,4052
3217;6,3993
3218;7,3829
3219;6,1153
3220;6,7745
3221;5,8952
3222;6,924
3223;7,8746
3224;5,7448
3225;9,4381
3226;5,6747
3227;8,1157
3228;7,3134
3229;6,2337
3230;9,3463
3231;6,5238
3232;5,9152
3233;7,1984
3234;5,8018
3235;6,9194
3236;8,5924
3237;6,9215
3238;6,8636
3239;5,9547
3240;6,6122
3241;7,3458
3242;10,7238
3243;5,8831
3244;5,6344
3245;9,6209
3246;7,524
3247;5,5801
3248;7,8248
3249;9,3441
3250;7,4863
3251;7,5488
3252;6,8813
3253;7,0237
3254;6,5213
3255;5,8169
3256;5,6632
3257;5,9478
3258;8,1896
3259;6,4513
3260;9,2258
3261;10,2805
3262;6,6348
3263;7,3471
3264;6,8731
3265;5,9777
3266;7,3739
3267;7,2707
3268;7,8232
3269;6,5129
3270;5,7662
3271;5,906
3272;10,0259
3273;6,5355
3274;7,7716
3275;9,1221
3276;7,3772
3277;7,0969
3278;8,3168
3279;7,1662
3280;10,129
3281;6,0488
3282;6,4583
3283;7,5788
3284;6,5719
3285;8,9943
3286;6,3868
3287;7,1554
3288;7,2486
3289;6,7061
3290;5,7554
3291;5,8148
3292;7,1224
3293;9,769
3294;6,5012
3295;9,1835
3296;6,4082
3297;7,4446
3298;6,8014
3299;5,816
3300;5,9347
3301;6,0903
3302;5,6554
3303;6,3879
3304;9,1069
3305;7,576
3306;5,8861
3307;10,3302
3308;8,194
3309;5,9881
3310;7,1911
3311;5,7145
3312;5,8089
3313;6,3893
3314;10,8811
3315;7,741
3316;7,2907
3317;10,2396
3318;8,3986
3319;9,722
3320;7,4785
3321;7,1493
3322;6,9777
3323;6,977
3324;6,6852
3325;6,6961
3326;8,8414
3327;9,4483
3328;8,8492
3329;5,9537
3330;6,7049
3331;7,193
3332;6,4316
3333;7,0111
3334;10,3414
3335;8,0834
3336;6,3923
3337;6,4137
3338;8,9876
3339;9,8864
3340;6,2084
3341;8,9976
3342;5,9072
3343;10,2194
3344;6,1471
3345;6,6316
3346;7,6382
3347;10,2472
3348;8,2955
3349;9,0925
3350;9,7751
3351;7,3326
3352;10,063
3353;7,2766
3354;7,5701
3355;6,2846
3356;10,005
3357;7,9293
3358;5,8838
3359;9,9723
3360;6,8078
3361;6,4243
3362;6,6056
3363;6,0136
3364;6,5725
3365;6,9008
3366;8,583
3367;5,6707
3368;7,4601
3369;10,3532
3370;6,898
3371;10,4062
3372;5,7977
3373;7,6015
3374;7,8044
3375;7,6276
3376;9,5644
3377;5,8481
3378;5,9234
3379;5,9418
3380;7,4192
3381;5,866
3382;6,334
3383;6,8999
3384;6,2336
3385;7,4265
3386;7,5635
3387;6,982
3388;6,0048
3389;9,1669
3390;9,9171
3391;6,2499
3392;8,0656
3393;7,3763
3394;9,9104
3395;6,8807
3396;6,8699
3397;7,1502
3398;8,547
3399;7,6751
3400;6,9278
3401;8,462
3402;7,753
3403;9,8593
3404;8,878
3405;7,1914
3406;6,7268
3407;6,1099
3408;8,9469
3409;6,1064
3410;6,0208
3411;6,0167
3412;8,9052
3413;9,5919
3414;7,7502
3415;7,4344
3416;7,678
3417;7,1056
3418;7,8272
3419;5,8953
3420;6,5221
3421;6,5687
3422;6,6911
3423;6,5997
3424;7,4643
3425;5,9067
3426;9,5112
3427;6,0948
3428;8,1136
3429;5,9736
3430;7,9336
3431;7,3985
3432;5,6741
3433;10,7717
3434;6,12
3435;7,6438
3436;10,5416
3437;7,2758
3438;7,1191
3439;6,9777
3440;6,6795
3441;7,5595
3442;6,3129
3443;7,5602
3444;5,6584
3445;7,8743
3446;8,6964
3447;7,1939
3448;6,9532
3449;9,1989
3450;7,1375
3451;5,9439
3452;7,2481
3453;7,1776
3454;7,3312
3455;6,5592
3456;6,1806
3457;5,7589
3458;7,2581
3459;8,4629
3460;6,3065
3461;10,6374
3462;8,0374
3463;6,9042
3464;6,9428
3465;5,9951
3466;7,6556
3467;6,7301
3468;7,6485
3469;7,5752
3470;6,2507
3471;6,2476
3472;6,0287
3473;6,0845
3474;9,4241
3475;7,5254
3476;6,4038
3477;6,1102
3478;10,1105
3479;10,5893
3480;7,4202
3481;10,0771
3482;6,4352
3483;5,8956
3484;9,9187
3485;7,8308
3486;6,8288
3487;5,7989
3488;5,5266
3489;7,3518
3490;10,3895
3491;5,7491
3492;6,2943
3493;5,9027
3494;6,9597
3495;6,515
3496;6,8335
3497;5,5644
3498;10,3847
3499;5,6948
3500;6,8502
3501;6,0654
3502;7,1323
3503;6,0332
3504;6,9051
3505;7,5337
3506;6,6361
3507;6,5677
3508;10,6814
3509;6,1043
3510;10,2475
3511;6,7856
3512;8,6963
3513;7,6431
3514;6,6126
3515;7,3336
3516;7,0677
3517;6,6309
3518;6,3318
3519;6,4724
3520;6,3403
3521;7,4063
3522;7,0864
3523;6,4903
3524;7,4592
3525;10,1725
3526;6,9911
3527;7,2574
3528;10,3379
3529;6,4952
3530;7,1905
3531;7,6761
3532;6,9817
3533;6,3563
3534;5,9846
3535;6,9344
3536;6,8122
3537;8,3305
3538;6,284
3539;6,228
3540;10,3249
3541;5,8321
3542;8,6254
3543;9,7207
3544;5,5795
3545;5,8245
3546;7,7055
3547;7,0392
3548;7,3297
3549;6,4267
3550;6,7405
3551;6,7492
3552;7,0436
3553;8,3516
3554;6,254
3555;5,4865
3556;6,3199
3557;5,6774
3558;7,4845
3559;5,7949
3560;5,925
3561;7,3362
3562;8,4639
3563;7,1143
3564;7,6998
3565;7,6689
3566;5,6092
3567;6,7636
3568;7,8221
3569;8,6702
3570;9,0797
3571;9,4963
3572;8,6833
3573;6,1046
3574;5,8674
3575;8,0389
3576;6,8773
3577;7,5109
3578;8,2015
3579;6,6315
3580;6,7834
3581;6,093
3582;6,1736
3583;5,5711
3584;5,6444
3585;7,6667
3586;8,2391
3587;6,0225
3588;6,5951
3589;5,7124
3590;6,4262
3591;10,6662
3592;10,3396
3593;7,2405
3594;9,0689
3595;8,2473
3596;9,2437
3597;9,0854
3598;7,3009
3599;6,3927
3600;8,6533
3601;10,4416
3602;6,346
3603;6,4576
3604;9,7423
3605;7,299
3606;7,3823
3607;9,8125
3608;8,7146
3609;5,9376
3610;10,0104
3611;5,6394
3612;9,2264
3613;6,3992
3614;8,9496
3615;8,1451
3616;6,5229
3617;7,6366
3618;6,2083
3619;5,692
3620;7,7675
3621;5,4667
3622;6,1053
3623;7,4921
3624;5,7802
3625;6,2907
3626;7,3608
3627;7,618
3628;10,3058
3629;9,1628
3630;9,4003
3631;9,7836
3632;5,4304
3633;9,3833
3634;7,671
3635;8,3838
3636;5,6145
3637;9,1514
3638;6,3012
3639;7,3154
3640;6,923
3641;6,9017
3642;5,5767
3643;7,4457
3644;9,4218
3645;9,4059
3646;6,4695
3647;6,6117
3648;6,2064
3649;8,0356
3650;5,8755
3651;5,5843
3652;7,0657
3653;6,6626
3654;7,1916
3655;7,6963
3656;7,07
3657;7,1268
3658;8,3193
3659;9,6812
3660;5,943
3661;6,1077
3662;6,8596
3663;7,525
3664;8,8212
3665;6,1868
3666;7,5488
3667;6,0665
3668;10,8599
3669;9,6266
3670;6,4489
3671;10,6462
3672;10,065
3673;7,1583
3674;10,2999
3675;6,0568
3676;6,934
3677;8,5195
3678;9,3538
3679;10,0101
3680;9,6098
3681;6,0523
3682;5,6269
3683;5,9856
3684;7,0714
3685;7,2814
3686;7,6196
3687;6,5061
3688;5,8925
3689;6,5155
3690;8,2265
3691;5,9364
3692;9,7664
3693;7,1092
3694;8,8947
3695;6,8305
3696;7,2947
3697;6,7367
3698;7,4232
3699;7,5618
3700;6,9634
3701;5,7092
3702;7,1231
3703;7,6603
3704;6,8099
3705;7,126
3706;6,2019
3707;6,0504
3708;9,3183
3709;6,8556
3710;5,6456
3711;9,918
3712;6,1975
3713;6,2584
3714;6,3967
3715;9,031
3716;6,2591
3717;9,7558
3718;6,2807
3719;10,0726
3720;9,9706
3721;6,9344
3722;7,2649
3723;7,6908
3724;5,9789
3725;5,9895
3726;6,3734
3727;6,2418
3728;6,1601
3729;6,4184
3730;6,7104
3731;6,3814
3732;5,6043
3733;6,9897
3734;7,0637
3735;5,6937
3736;7,2814
3737;6,536
3738;5,7683
3739;6,0602
3740;7,6098
3741;8,2436
3742;6,3909
3743;8,1452
3744;7,2067
3745;9,6026
3746;6,5755
3747;5,595
3748;10,1104
3749;7,3654
3750;10,4292
3751;6,9902
3752;5,6309
3753;6,8433
3754;5,8263
3755;6,641
3756;5,5003
3757;8,1215
3758;6,7336
3759;6,8247
3760;6,1678
3761;7,6227
3762;6,4486
3763;6,5436
3764;5,8206
3765;7,018
3766;7,2056
3767;10,1752
3768;6,1117
3769;9,9469
3770;10,3394
3771;6,383
3772;7,6049
3773;5,7381
3774;6,6805
3775;5,8817
3776;7,9025
3777;5,7225
3778;10,3636
3779;7,9636
3780;5,8498
3781;7,7013
3782;6,2378
3783;7,559
3784;7,0953
3785;8,9941
3786;7,7541
3787;7,2468
3788;6,5471
3789;6,7904
3790;6,5217
3791;6,4987
3792;5,9314
3793;9,5504
3794;6,2766
3795;7,4269
3796;7,0285
3797;6,7437
3798;6,8219
3799;6,2492
3800;5,9114
3801;6,6109
3802;6,8785
3803;7,0115
3804;7,0747
3805;7,4158
3806;8,6036
3807;7,6517
3808;6,4059
3809;9,1134
3810;6,5262
3811;8,7841
3812;5,4758
3813;5,9157
3814;5,854
3815;6,0732
3816;6,4423
3817;6,9847
3818;6,2243
3819;7,9758
3820;8,2636
3821;9,2474
3822;5,7596
3823;8,6703
3824;6,1457
3825;8,6275
3826;7,2788
3827;6,7086
3828;10,2807
3829;5,6678
3830;6,9909
3831;6,1359
3832;5,8245
3833;7,2069
3834;7,0576
3835;7,7655
3836;7,9561
3837;5,5621
3838;6,5429
3839;7,2203
3840;5,8394
3841;7,8439
3842;6,5734
3843;6,7864
3844;9,1407
3845;5,6803
3846;7,413
3847;8,6954
3848;8,5188
3849;6,7245
3850;10,3543
3851;8,5046
3852;6,9746
3853;5,9697
3854;10,0735
3855;6,704
3856;7,3808
3857;5,6754
3858;6,2051
3859;7,3741
3860;7,6939
3861;6,2434
3862;7,5064
3863;5,5692
3864;8,3444
3865;7,4628
3866;5,9335
3867;7,1335
3868;7,3889
3869;8,1278
3870;6,9255
3871;9,8733
3872;6,2271
3873;6,3761
3874;6,9555
3875;9,0099
3876;7,3756
3877;6,4899
3878;5,9794
3879;10,9073
3880;7,1951
3881;9,4377
3882;5,7945
3883;8,0355
3884;7,8498
3885;6,8117
3886;7,4776
3887;9,6025
3888;7,3514
3889;6,9489
3890;7,1586
3891;7,843
3892;5,9981
3893;7,4782
3894;6,1131
3895;6,8145
3896;8,8168
3897;8,2954
3898;7,9252
3899;7,624
3900;6,5981
3901;6,5457
3902;7,2647
3903;5,8993
3904;5,752
3905;6,0762
3906;6,5595
3907;7,3924
3908;6,2317
3909;6,7284
3910;6,673
3911;7,2151
3912;9,4222
3913;5,7877
3914;7,0957
3915;7,1382
3916;6,7576
3917;7,3149
3918;9,1174
3919;10,3285
3920;6,4267
3921;5,5722
3922;6,0268
3923;9,8249
3924;7,4392
3925;7,2714
3926;7,1334
3927;5,6905
3928;5,7941
3929;6,1419
3930;7,4844
3931;5,7921
3932;6,6137
3933;8,0889
3934;7,4564
3935;9,7164
3936;7,1265
3937;7,404
3938;7,9394
3939;7,5945
3940;5,7722
3941;6,0599
3942;6,4339
3943;5,5502
3944;8,8549
3945;8,0295
3946;6,43
3947;7,019
3948;6,5967
3949;6,1143
3950;7,9239
3951;7,9926
3952;5,9647
3953;7,4178
3954;6,9481
3955;6,0861
3956;8,6573
3957;6,6217
3958;6,3377
3959;7,5122
3960;9,2663
3961;9,2152
3962;9,0671
3963;5,5079
3964;8,2491
3965;7,8499
3966;7,219
3967;6,4202
3968;6,3246
3969;6,052
3970;6,3981
3971;6,5504
3972;7,493
3973;7,2613
3974;5,797
3975;5,9459
3976;6,9108
3977;7,4732
3978;9,8708
3979;6,8594
3980;8,5666
3981;7,3073
3982;6,1726
3983;7,1665
3984;6,1301
3985;6,9845
3986;10,0503
3987;6,9203
3988;6,7197
3989;6,9488
3990;7,2243
3991;8,7997
3992;5,7832
3993;9,1713
3994;6,9708
3995;5,6166
3996;8,3346
3997;6,8852
3998;10,1586
3999;6,619
4000;9,8461
4001;7,2124
4002;7,1223
4003;6,2286
4004;5,7371
4005;6,9812
4006;7,0502
4007;7,7708
4008;6,4265
4009;9,8776
4010;7,4243
4011;6,6588
4012;7,6914
4013;6,0789
4014;5,9631
4015;7,975
4016;7,6135
4017;7,2873
4018;6,2067
4019;5,9799
4020;6,4204
4021;7,2844
4022;9,8796
4023;8,9187
4024;6,9226
4025;7,7108
4026;6,9189
4027;8,6185
4028;10,1694
4029;7,025
4030;6,0467
4031;6,5855
4032;8,8573
4033;7,1906
4034;6,7039
4035;6,7141
4036;9,5452
4037;6,4231
4038;7,1167
4039;6,1251
4040;7,0341
4041;7,6064
4042;9,0494
4043;6,3636
4044;5,8586
4045;7,2286
4046;5,8652
4047;10,434
4048;6,4421
4049;6,0932
4050;6,7915
4051;8,5073
4052;8,6568
4053;5,6538
4054;7,6115
4055;6,5091
4056;10,7382
4057;9,6449
4058;9,6396
4059;7,4273
4060;5,7249
4061;8,2044
4062;5,9245
4063;6,3162
4064;6,2236
4065;9,1837
4066;6,6839
4067;5,5124
4068;6,6027
4069;6,5157
4070;7,5553
4071;6,444
4072;6,572
4073;6,1393
4074;6,8931
4075;8,1038
4076;7,5092
4077;7,0866
4078;9,6134
4079;10,418
4080;7,2585
4081;7,6975
4082;7,3088
4083;7,5855
4084;7,9458
4085;10,2492
4086;5,8692
4087;6,0947
4088;5,7549
4089;10,3745
4090;6,2394
4091;6,7713
4092;7,5807
4093;5,9394
4094;5,8621
4095;5,7739
4096;9,6227
4097;7,5123
4098;5,979
4099;7,7874
4100;6,8206
4101;6,1297
4102;9,5676
4103;7,0546
4104;7,0217
4105;9,9231
4106;5,8992
4107;7,6656
4108;8,3416
4109;6,4308
4110;5,9679
4111;5,6827
4112;7,5869
4113;7,8176
4114;7,5509
4115;8,7917
4116;7,7485
4117;6,45
4118;10,2349
4119;7,7652
4120;6,0184
4121;7,8701
4122;7,3656
4123;7,6136
4124;6,123
4125;10,8525
4126;7,0066
4127;6,5562
4128;7,4955
4129;7,2389
4130;7,2604
4131;6,4926
4132;6,3134
4133;10,1393
4134;6,5376
4135;6,9567
4136;5,925
4137;5,7614
4138;5,773
4139;8,0343
4140;6,9659
4141;6,3072
4142;9,1501
4143;5,5514
4144;9,3089
4145;7,3559
4146;7,1671
4147;6,9171
4148;7,4518
4149;5,5774
4150;8,6538
4151;6,1853
4152;5,8727
4153;8,0691
4154;6,4287
4155;8,0815
4156;9,3078
4157;5,9005
4158;7,1073
4159;9,4578
4160;5,978
4161;7,378
4162;7,3371
4163;6,9935
4164;10,6584
4165;5,9608
4166;7,0481
4167;9,6531
4168;7,5324
4169;10,2699
4170;9,2599
4171;7,6113
4172;9,6318
4173;6,4289
4174;6,1041
4175;5,9208
4176;5,4813
4177;7,4551
4178;7,3944
4179;8,9667
4180;6,3665
4181;6,919
4182;7,7568
4183;6,133
4184;8,2226
4185;5,8158
4186;6,2989
4187;9,528
4188;6,1163
4189;8,2132
4190;6,6347
4191;8,6752
4192;6,2999
4193;5,9963
4194;7,2879
4195;7,1595
4196;6,2322
4197;6,3542
4198;5,7246
4199;7,562
4200;5,553
4201;8,7931
4202;6,6708
4203;8,8195
4204;9,9872
4205;9,0268
4206;9,0468
4207;9,5558
4208;7,8993
4209;6,1176
4210;8,1717
4211;5,7658
4212;6,7817
4213;7,5394
4214;5,9846
4215;9,178
4216;6,7425
4217;5,5082
4218;7,8156
4219;6,7262
4220;6,2459
4221;5,569
4222;8,7883
4223;6,5255
4224;7,6568
4225;5,7623
4226;7,2738
4227;6,8301
4228;5,6518
4229;5,7103
4230;8,5156
4231;6,0938
4232;10,0996
4233;8,8066
4234;7,468
4235;6,2393
4236;8,4195
4237;7,6581
4238;6,1281
4239;5,9385
4240;6,5633
4241;7,3131
4242;5,624
4243;7,2278
4244;9,6101
4245;7,766
4246;8,8499
4247;6,9748
4248;7,0455
4249;7,4921
4250;5,671
4251;6,8606
4252;6,1689
4253;9,8533
4254;7,4866
4255;10,3725
4256;7,1495
4257;7,5036
4258;6,7427
4259;9,3849
4260;8,2406
4261;7,0677
4262;6,0616
4263;6,9607
4264;7,7173
4265;7,7541
4266;6,0441
4267;5,5613
4268;5,8127
4269;7,294
4270;7,5705
4271;7,3496
4272;8,3708
4273;7,5125
4274;6,4085
4275;8,8119
4276;6,5179
4277;8,1551
4278;7,5412
4279;7,2587
4280;9,1055
4281;5,8421
4282;7,0807
4283;7,609
4284;6,682
4285;7,7003
4286;7,4379
4287;7,6519
4288;6,342
4289;6,7288
4290;7,6512
4291;7,3217
4292;9,496
4293;7,2723
4294;7,252
4295;10,1754
4296;6,4921
4297;5,9752
4298;6,4743
4299;5,9278
4300;7,0276
4301;7,7179
4302;5,8012
4303;6,6635
4304;7,108
4305;10,2833
4306;6,3788
4307;7,7793
4308;5,6157
4309;6,9955
4310;9,6408
4311;5,9351
4312;6,7131
4313;7,1012
4314;5,9806
4315;6,0389
4316;10,4296
4317;10,5353
4318;6,0339
4319;5,8363
4320;6,5308
4321;5,7288
4322;6,4094
4323;8,5227
4324;7,1269
4325;7,0203
4326;6,3337
4327;7,5398
4328;7,7661
4329;6,5144
4330;6,6077
4331;6,7369
4332;7,3041
4333;10,2427
4334;5,6694
4335;9,5562
4336;6,2578
4337;5,8309
4338;7,277
4339;5,8761
4340;5,8322
4341;6,4164
4342;6,9264
4343;5,7286
4344;7,067
4345;8,7457
4346;7,4421
4347;5,8505
4348;9,7696
4349;5,8648
4350;6,1314
4351;5,9435
4352;6,8528
4353;6,2729
4354;9,5015
4355;10,0585
4356;10,2622
4357;7,7058
4358;6,104
4359;7,8275
4360;7,3181
4361;5,6369
4362;5,6242
4363;7,2024
4364;7,6113
4365;5,8478
4366;6,2854
4367;7,9476
4368;8,861
4369;6,4589
4370;7,4716
4371;6,2371
4372;6,2555
4373;7,3776
4374;7,2842
4375;10,0267
4376;6,616
4377;5,5388
4378;5,7438
4379;6,623
4380;6,0217
4381;5,6182
4382;8,0689
4383;7,1993
4384;5,8308
4385;6,1878
4386;7,2147
4387;10,2139
4388;8,8192
4389;6,5555
4390;8,6319
4391;7,659
4392;9,8086
4393;6,0841
4394;5,5993
4395;5,984
4396;7,074
4397;6,4302
4398;7,0637
4399;6,18
4400;5,8481
4401;7,4573
4402;7,8317
4403;6,7975
4404;6,8284
4405;7,1171
4406;8,3169
4407;5,8972
4408;7,1495
4409;9,1876
4410;6,5118